-- phpMyAdmin SQL Dump
-- version 4.5.1
-- http://www.phpmyadmin.net
--
-- Host: 127.0.0.1
-- Generation Time: Mar 26, 2016 at 08:33 PM
-- Server version: 10.1.9-MariaDB
-- PHP Version: 5.6.15

SET SQL_MODE = "NO_AUTO_VALUE_ON_ZERO";
SET time_zone = "+00:00";


/*!40101 SET @OLD_CHARACTER_SET_CLIENT=@@CHARACTER_SET_CLIENT */;
/*!40101 SET @OLD_CHARACTER_SET_RESULTS=@@CHARACTER_SET_RESULTS */;
/*!40101 SET @OLD_COLLATION_CONNECTION=@@COLLATION_CONNECTION */;
/*!40101 SET NAMES utf8mb4 */;

--
-- Database: `agriculture`
--

-- --------------------------------------------------------

--
-- Table structure for table `assigned_roles`
--

CREATE TABLE `assigned_roles` (
  `id` int(10) UNSIGNED NOT NULL,
  `user_id` int(10) UNSIGNED NOT NULL,
  `role_id` int(10) UNSIGNED NOT NULL
) ENGINE=InnoDB DEFAULT CHARSET=utf8 COLLATE=utf8_unicode_ci;

--
-- Dumping data for table `assigned_roles`
--

INSERT INTO `assigned_roles` (`id`, `user_id`, `role_id`) VALUES
(1, 1, 1);

-- --------------------------------------------------------

--
-- Table structure for table `categories`
--

CREATE TABLE `categories` (
  `id` int(10) UNSIGNED NOT NULL,
  `name` varchar(255) COLLATE utf8_unicode_ci NOT NULL,
  `is_main` int(11) NOT NULL,
  `created_at` timestamp NOT NULL DEFAULT '0000-00-00 00:00:00',
  `updated_at` timestamp NOT NULL DEFAULT '0000-00-00 00:00:00'
) ENGINE=InnoDB DEFAULT CHARSET=utf8 COLLATE=utf8_unicode_ci;

--
-- Dumping data for table `categories`
--

INSERT INTO `categories` (`id`, `name`, `is_main`, `created_at`, `updated_at`) VALUES
(1, 'ধান', 1, '2016-03-14 03:21:26', '2016-03-14 03:21:26'),
(2, 'তেল জাতীয় ফসল', 1, '2016-03-14 03:21:27', '2016-03-14 03:21:27'),
(3, 'শস্য জাতীয় ফসল', 1, '2016-03-14 03:21:27', '2016-03-14 03:21:27'),
(4, 'আউশ', 0, '2016-03-14 03:21:27', '2016-03-14 03:21:27'),
(5, 'আমন', 0, '2016-03-14 03:21:27', '2016-03-14 03:21:27'),
(6, 'বোরো', 0, '2016-03-14 03:21:27', '2016-03-14 03:21:27'),
(7, 'সূর্যমুখী', 0, '2016-03-14 03:21:27', '2016-03-14 03:21:27'),
(8, 'সরিষা', 0, '2016-03-14 03:21:27', '2016-03-14 03:21:27'),
(9, 'সয়াবিন', 0, '2016-03-14 03:21:27', '2016-03-14 03:21:27'),
(10, 'আখ', 0, '2016-03-14 03:21:27', '2016-03-14 03:21:27'),
(11, 'গম', 0, '2016-03-14 03:21:27', '2016-03-14 03:21:27'),
(12, 'চিনাবাদাম', 0, '2016-03-14 03:21:27', '2016-03-14 03:21:27'),
(13, 'সবজি জাতীয় ফসল', 1, '2016-03-08 23:21:23', '2016-03-09 01:23:21'),
(14, 'টমেটো', 0, '2016-03-08 23:18:18', '2016-03-09 00:18:17'),
(15, 'বাঁধাকপি', 0, '2016-03-08 22:15:13', '2016-03-08 23:15:15'),
(16, 'ফুলকপি', 0, '2016-03-08 22:08:09', '2016-03-08 21:07:08'),
(17, 'ওলকপি', 0, '2016-03-08 20:08:07', '2016-03-08 21:07:08'),
(18, 'মূলা', 0, '2016-03-08 20:00:06', '2016-03-08 20:06:06'),
(19, 'ফল জাতীয় ফসল', 1, '2016-03-08 20:05:05', '0000-00-00 00:00:00'),
(20, ' আঁশফল', 0, '2016-03-08 20:05:06', '0000-00-00 00:00:00'),
(21, 'আনারস', 0, '2016-03-08 19:06:07', '2016-03-08 20:06:06'),
(22, 'আম', 0, '2016-03-08 20:05:00', '2016-03-08 20:07:07');

-- --------------------------------------------------------

--
-- Table structure for table `category_maps`
--

CREATE TABLE `category_maps` (
  `id` int(10) UNSIGNED NOT NULL,
  `category_id` int(10) UNSIGNED NOT NULL,
  `sub_category_id` int(10) UNSIGNED NOT NULL,
  `created_at` timestamp NOT NULL DEFAULT '0000-00-00 00:00:00',
  `updated_at` timestamp NOT NULL DEFAULT '0000-00-00 00:00:00'
) ENGINE=InnoDB DEFAULT CHARSET=utf8 COLLATE=utf8_unicode_ci;

--
-- Dumping data for table `category_maps`
--

INSERT INTO `category_maps` (`id`, `category_id`, `sub_category_id`, `created_at`, `updated_at`) VALUES
(1, 1, 4, '2016-03-14 03:21:27', '2016-03-14 03:21:27'),
(2, 1, 5, '2016-03-14 03:21:27', '2016-03-14 03:21:27'),
(3, 1, 6, '2016-03-14 03:21:27', '2016-03-14 03:21:27'),
(4, 2, 7, '2016-03-14 03:21:27', '2016-03-14 03:21:27'),
(5, 2, 8, '2016-03-14 03:21:27', '2016-03-14 03:21:27'),
(6, 2, 9, '2016-03-14 03:21:27', '2016-03-14 03:21:27'),
(8, 3, 11, '2016-03-14 03:21:27', '2016-03-14 03:21:27'),
(9, 3, 12, '2016-03-14 03:21:27', '2016-03-14 03:21:27'),
(10, 13, 14, '2016-03-08 23:13:00', '2016-03-08 23:18:16'),
(11, 13, 15, '2016-03-08 21:13:16', '2016-03-08 23:12:10'),
(15, 19, 20, '2016-03-08 20:06:06', '0000-00-00 00:00:00'),
(16, 19, 21, '2016-03-08 20:06:06', '2016-03-08 20:07:07'),
(17, 19, 22, '2016-03-08 20:02:06', '2016-03-08 21:06:07');

-- --------------------------------------------------------

--
-- Table structure for table `migrations`
--

CREATE TABLE `migrations` (
  `migration` varchar(255) COLLATE utf8_unicode_ci NOT NULL,
  `batch` int(11) NOT NULL
) ENGINE=InnoDB DEFAULT CHARSET=utf8 COLLATE=utf8_unicode_ci;

--
-- Dumping data for table `migrations`
--

INSERT INTO `migrations` (`migration`, `batch`) VALUES
('2015_04_06_114424_create_users_table', 1),
('2015_04_06_114604_entrust_setup_tables', 1),
('2015_04_06_203104_create_password_reminders_table', 1),
('2016_03_05_084519_create_categories_table', 1),
('2016_03_05_084520_create_posts_table', 1),
('2016_03_05_084728_create_category_maps_table', 1),
('2016_03_08_070441_create_post_maps_table', 1);

-- --------------------------------------------------------

--
-- Table structure for table `password_reminders`
--

CREATE TABLE `password_reminders` (
  `email` varchar(255) COLLATE utf8_unicode_ci NOT NULL,
  `token` varchar(255) COLLATE utf8_unicode_ci NOT NULL,
  `created_at` timestamp NOT NULL DEFAULT '0000-00-00 00:00:00'
) ENGINE=InnoDB DEFAULT CHARSET=utf8 COLLATE=utf8_unicode_ci;

-- --------------------------------------------------------

--
-- Table structure for table `permissions`
--

CREATE TABLE `permissions` (
  `id` int(10) UNSIGNED NOT NULL,
  `name` varchar(255) COLLATE utf8_unicode_ci NOT NULL,
  `display_name` varchar(255) COLLATE utf8_unicode_ci NOT NULL,
  `created_at` timestamp NOT NULL DEFAULT '0000-00-00 00:00:00',
  `updated_at` timestamp NOT NULL DEFAULT '0000-00-00 00:00:00'
) ENGINE=InnoDB DEFAULT CHARSET=utf8 COLLATE=utf8_unicode_ci;

--
-- Dumping data for table `permissions`
--

INSERT INTO `permissions` (`id`, `name`, `display_name`, `created_at`, `updated_at`) VALUES
(1, 'read', 'Read', '2016-03-14 03:21:26', '2016-03-14 03:21:26');

-- --------------------------------------------------------

--
-- Table structure for table `permission_role`
--

CREATE TABLE `permission_role` (
  `id` int(10) UNSIGNED NOT NULL,
  `permission_id` int(10) UNSIGNED NOT NULL,
  `role_id` int(10) UNSIGNED NOT NULL
) ENGINE=InnoDB DEFAULT CHARSET=utf8 COLLATE=utf8_unicode_ci;

--
-- Dumping data for table `permission_role`
--

INSERT INTO `permission_role` (`id`, `permission_id`, `role_id`) VALUES
(1, 1, 1);

-- --------------------------------------------------------

--
-- Table structure for table `posts`
--

CREATE TABLE `posts` (
  `id` int(10) UNSIGNED NOT NULL,
  `title` varchar(255) COLLATE utf8_unicode_ci NOT NULL,
  `description` text COLLATE utf8_unicode_ci NOT NULL,
  `photo` varchar(255) COLLATE utf8_unicode_ci NOT NULL,
  `category_id` int(10) UNSIGNED DEFAULT NULL,
  `sub_category_id` int(10) UNSIGNED DEFAULT NULL,
  `created_at` timestamp NOT NULL DEFAULT '0000-00-00 00:00:00',
  `updated_at` timestamp NOT NULL DEFAULT '0000-00-00 00:00:00'
) ENGINE=InnoDB DEFAULT CHARSET=utf8 COLLATE=utf8_unicode_ci;

--
-- Dumping data for table `posts`
--

INSERT INTO `posts` (`id`, `title`, `description`, `photo`, `category_id`, `sub_category_id`, `created_at`, `updated_at`) VALUES
(1, 'বিআর-১(চান্দিনা)', 'বোরো ও আউশ মৌসুমে  আবাদযোগ্য এ ধানের জনপ্রিয় নাম চান্দিনা । কোন কোন অঞ্চলে এ ধান ৫৩২ আবার কোথাও কেবল  ৭৬ নামে পরিচিত । চান্দিনা একটি আগাম জাত ।', '/uploads/images/dhan.jpg', 1, 4, '2016-03-14 03:21:27', '2016-03-14 03:21:27'),
(2, 'বিআর-১(চান্দিনা)', 'বোরো ও আউশ মৌসুমে  আবাদযোগ্য এ ধানের জনপ্রিয় নাম চান্দিনা । কোন কোন অঞ্চলে এ ধান ৫৩২ আবার কোথাও কেবল  ৭৬ নামে পরিচিত । চান্দিনা একটি আগাম জাত ।', '/uploads/images/dhan.jpg', 1, 6, '2016-03-14 03:21:27', '2016-03-14 03:21:27'),
(3, 'বিআর-২(মালা)', 'এ ধানের জনপ্রিয় নাম মালা । এ ধানের মুড়ি  খুব ভাল হয়। মালা বোরো এবং রোপা আউশের একটি জাত।', '/uploads/images/dhan.jpg', 1, 4, '2016-03-14 03:21:27', '2016-03-14 03:21:27'),
(4, 'বিআর-২(মালা)', 'এ ধানের জনপ্রিয় নাম মালা । এ ধানের মুড়ি  খুব ভাল হয়। মালা বোরো এবং রোপা আউশের একটি জাত।', '/uploads/images/dhan.jpg', 1, 6, '2016-03-14 03:21:27', '2016-03-14 03:21:27'),
(5, 'বিআর-৪(ব্রিশাইল)', 'এ ধানের জনপ্রিয় নাম ব্রিশাইল। এটি একটি আলোক-সংবেদনশীল জাত। তাই কেবল রোপা আমন মৌসুমে চাষাবাদ  করার জন্য উপযোগী। এ ধানের বীজ বপনের সবচেয়ে ভাল সময় হলো আষাঢ় মাস। এ সময় বীজ বপন করলে শ্রাবণের মাঝামাঝি থেকে শেষ পর্যন্ত সময়ে চারা রোপণ করা যায়। কার্তিকের দ্বিতীয় থেকে তৃতীয় সপ্তাহে ফুল ফোটে। অগ্রহায়ণের দ্বিতীয় ও তৃতীয় সপ্তাহের মধ্যে ধান পাকে।', '/uploads/images/dhan.jpg', 1, 5, '2016-03-14 03:21:27', '2016-03-26 01:48:43'),
(6, 'বিআর-৫(দুলাভোগ)', 'আমন মৌসুমের এ ধানের জনপ্রিয়তা নাম দুলাভোগ। এর চালের কালিজিরা চালের মতো সুগন্ধ আছে বলে পোলাও এবং পায়েশ তৈরির জন্য খুবই উপোযোগী। এটি আলোক-সংবেদনশীল, তাই এর চাষাবাদ রোপা আমন মৌসুমের জন্য নির্ধারিত।', '/uploads/images/dhan.jpg', 1, 5, '2016-03-14 03:21:28', '2016-03-14 03:21:28'),
(7, 'বিআর-৬', 'বোরো ও আউশ  মৌসুমের জাত। ব্রি এ ধানটি ইরি থেকে সংগ্রহ করে এবং বিভিন্ন মৌসুমে দেশের বিভিন্ন এলাকায় পরীক্ষা-নিরীক্ষা চালিয়ে আশানুরুপ ফলন পাওয়ায় বিআর ৬ নামে অনুমোদন পায়। এটি একটি আগাম জাত।', '/uploads/images/dhan.jpg', 1, 4, '2016-03-14 03:21:28', '2016-03-14 03:21:28'),
(8, 'বিআর-৬', 'বোরো ও আউশ  মৌসুমের জাত। ব্রি এ ধানটি ইরি থেকে সংগ্রহ করে এবং বিভিন্ন মৌসুমে দেশের বিভিন্ন এলাকায় পরীক্ষা-নিরীক্ষা চালিয়ে আশানুরুপ ফলন পাওয়ায় বিআর ৬ নামে অনুমোদন পায়। এটি একটি আগাম জাত।', '/uploads/images/dhan.jpg', 1, 6, '2016-03-14 03:21:28', '2016-03-14 03:21:28'),
(11, 'বিআর-৭(ব্রি বালাম)', ' ঝড়-ঝঞ্ঝা কম হয় এমন অঞ্চলে এ ধান রোপা আউশ ও বোরো মৌসুমের জন্য উপযোগী। কারণ ধান বেশি পেকে গেলে ঝড়ে পড়ার প্রবণতা দেখা দেয়। তাই এ ধান  পাকার সাথে সাথে কর্তন করতে হবে। এর চালের আকার প্রায় বাসমতির মতো, তবে এতে সুগন্ধি নেই।', '/uploads/images/dhan.jpg', 1, 4, '2016-03-14 03:21:28', '2016-03-14 03:21:28'),
(12, 'বিআর-৭(ব্রি বালাম)', ' ঝড়-ঝঞ্ঝা কম হয় এমন অঞ্চলে এ ধান রোপা আউশ ও বোরো মৌসুমের জন্য উপযোগী। কারণ ধান বেশি পেকে গেলে ঝড়ে পড়ার প্রবণতা দেখা দেয়। তাই এ ধান  পাকার সাথে সাথে কর্তন করতে হবে। এর চালের আকার প্রায় বাসমতির মতো, তবে এতে সুগন্ধি নেই।', '/uploads/images/dhan.jpg', 1, 6, '2016-03-14 03:21:28', '2016-03-14 03:21:28'),
(18, 'বিআর-৮(আশা)', 'এ জাতের জনপ্রিয় নাম আশা। বোরো এবং আউশ মৌসুমের এ জাত ধান শীষের সাথে শক্তভাব লেগে থাকে । তাই ঝড়-ঝঞ্ঝা এবং শিলা বৃষ্টি-প্রবণ এলাকার জন্য এ ধান বিশেষ উপযোগী।', '/uploads/images/dhan.jpg', 1, 4, '2016-03-14 03:21:28', '2016-03-14 03:21:28'),
(19, 'বিআর-৮(আশা)', 'এ জাতের জনপ্রিয় নাম আশা। বোরো এবং আউশ মৌসুমের এ জাত ধান শীষের সাথে শক্তভাব লেগে থাকে । তাই ঝড়-ঝঞ্ঝা এবং শিলা বৃষ্টি-প্রবণ এলাকার জন্য এ ধান বিশেষ উপযোগী।', '/uploads/images/dhan.jpg', 1, 6, '2016-03-14 03:21:28', '2016-03-14 03:21:28'),
(20, 'বিআর-১০(প্রগতি)', 'এ ধানের জনপ্রিয় নাম প্রগতি। এজাতটি সহজে চেনা যায। কারণ ফুল ফোটার সময় শীষগুলো ডিগপাতার নিচে থাকে এবং ডিগপাতার শেষ প্রান্ত হঠাৎ করেই সুচালো। প্রগতিকে রোপা আমনের নাবী জাতের তালিকায় ফেলা যায়। জাতটিতে আলোক-সংবেদনশীলতা আছে। এ কারণে রোপণের জন্য ৪০-৫০ দিনের চারা ব্যবহার করা যায়। তখন চারা বেশ লম্বা হয় এবং হাঁটু পানিতে সহজেই রোপণ করা যায়। এ সব সুবিধার জন্য  খুলনার লবণাক্ত এলাকায় রোপা আমন মৌসুমে জাতটি জনপ্রিয় হয়ে উঠেছে। এ জাতের লবণাক্ত সহনশীলতা  নেই, কিন্তু রোপা আমনে লবণাক্ত অঞ্চলে ক্ষেতে ২০-৩০ সেমি: গভীর পানি থাকায় লবণাক্ত মাত্রা ধানের ক্ষতিকারক পর্যায় (৪ডিএস/মিটার) এর নিচে থাকে। স্বল্প আলোক সংবেদনশীলতার জন্য এ জাত জ্যৈষ্ঠের ২০-২৫ তারিখে বপন করলে কার্তিকের মাঝামাঝি সময়ে ফসল কর্তন করা যায়। ফলে ঐ জমিতে সময় মতো গম, ডাল ও তেল ফসল আবাদ করা যায়।', '/uploads/images/dhan.jpg', 1, 5, '2016-03-14 03:21:28', '2016-03-14 03:21:28'),
(21, 'বিআর-১১(মুক্তা)', 'এধানের জনপ্রিয় নাম মুক্তা। এ ধানের ফুল ফোটার সময় শীষ ডিগপাতার উপরে থাকে এবং সহজেই দৃষ্টি কাড়ে। আমন মৌসুমের এ জাতটি সারা দেশে জনপ্রিয়। মুক্তা ধান স্বল্প আলোক সংবেদনশীলতাবিশিষ্ট। স্বল্প আলোক সংবেদনশীলতার জন্য এ জাত জ্যৈষ্ঠের ২০-২৫ তারিখে বপন করলে কার্তিকের মাঝামাঝি সময়ে ফসল কাটা যায়; ফলে ঐ জমিতে সময়মতো গম, ডাল ও তেল ফসল আবাদ করা যায়।', '/uploads/images/dhan.jpg', 1, 5, '2016-03-14 03:21:28', '2016-03-14 03:21:28'),
(23, 'কাঞ্চন', 'গাছের উচ্চতা ৯০-১০০ সেমি। কুশির সংখ্যা ৬-৭টি। গাছের নিশান পাতা খাড়া। শীষ বের হতে ৬০-৬৮ দিন সময় লাগে। প্রতি শীষে ৩৫-৪০টি দানা থাকে। দানা সাদা এবং হাজার দানার ওজন ৪৮-৫২ গ্রাম। অন্যান্য জাতের তুলনায় দানা আকারে বড়। চারা আবস্থায় প্রাথমিক কুঁশি মাটির উপরে অবস্থান করে। বোনা থেকে পাকা পর্যন্ত ১০৬-১১২ দিন সময় লাগে। এ জাতটি দীর্ঘ সময় ধরে চাষাবাদ হচ্ছে। বর্তমানে পাতার মরিচা দাগ রোগে আক্রান্ত হওয়ায় জাতটির ফলন কিছুটা হ্রাস পেয়েছে। উন্নত পদ্ধতিতে চাষ করলে হেক্টর প্রতি ৩.৫-৪.৬ টন ফলন হয়। জাতটি দেশের সকল অঞ্চলে চাষের জন্য উপযোগী। বর্তমানে সারা দেশে কাঞ্চন গম খুবই জনপ্রিয়। বাংলাদেশে প্রায় ৮০ ভাগ এলাকায় কাঞ্চন গমের আবাদ হচ্ছে।', '/uploads/images/gom.jpg', 3, 11, '2016-03-14 03:21:28', '2016-03-14 03:21:28'),
(24, 'আকবর', 'এ জাতের গাছের উচ্চতা ৮৫-৯০ সেমি। কুশির সংখ্যা ৬-৭টি। পাতা কিছুটা হেলানো। নিশান পাতা খুবই চওড়া ও লম্বা। শীষ বের হতে ৫০-৫৫ দিন সময় লাগে। প্রতি শীষে ৫০-৫৫টি দানা থাকে। দানা সাদা, আকারে মাঝারি এবং হাজার দানার ওজন ৩৭-৪২ গ্রাম। পাতার গোড়ায় সাদা অরিকল থাকে। ফসল বোনা থেকে কাটা পর্যন্ত ১০৩-১০৮ দিন সময় লাগে। উন্নত পদ্ধতিতে চাষ করলে  ফলন হেক্টরপ্রতি ৩.৫-৪.৫ টন হয়। জাতটি পাতার দাগ রোগ সহনশীল। বৃহত্তর ময়মনসিংহ, যশোর, কুষ্টিয়া ও খুলনা জেলায় এ জাতের ফলন বেশী হয়। তবে আকবর জাতের গম দেশের অন্যান্য অঞ্চলেও চাষের জন্য উপযোগী।', '/uploads/images/gom.jpg', 3, 11, '2016-03-14 03:21:28', '2016-03-14 03:21:28'),
(25, 'অঘ্রাণী', 'এ জাতের গাছের উচ্চতা ৮৫-৯০ সেমি, কুশির সংখ্যা ৫-৬টি। পাতা কিছুটা হেলানো, নিশান পাতা বড়। গাছের পাতা ও কান্ডে পাতলা মোমের আবরণের মতো বস্তু লক্ষ্য করা যায়। শীষ বের হতে ৫৫-৬০ দিন সময় লাগে। প্রতি শীষে ৫০-৫৫টি দানা থাকে। দানার রং সাদা, আকারে মাঝারি এবং হাজার দানার ওজন ৩৮-৪২ গ্রাম। পাতার গোড়ায় বেগুনি অরিকল থাকে। বোনা থেকে পাকা পর্যন্ত ১০৩-১১০ দিন সময় লাগে। উন্নত পদ্ধতিতে চাষ করলে ফলন হেক্টরপ্রতি ৩.৫-৪.০ টন হয়। জাতটি পাতার দাগ (ব্লাইট রোগ সহনশীল)। দেরীতে বপনের জন্য অঘ্রাণী জাতের গম বিশেষভাবে উপযোগী।', '/uploads/images/gom.jpg', 3, 11, '2016-03-14 03:21:28', '2016-03-14 03:21:28'),
(26, 'প্রতিভা', 'গাছের উচ্চতা ৮৫-৯৫ সেমি। কুশির সংখ্যা ৬-৭টি। গাছের নিশান পাতা খাড়া। শীষ বের হতে ৬০-৭০ দিন সময় লাগে। শীষ লম্বা ও প্রতি শীষে ৩৫-৪৫ টি দানা থাকে। দানা সাদা, আকারে বড় ও হাজার দানার ওজন ৪২-৪৮ গ্রাম। ফসল বোনা থেকে পাকা পর্যন্ত ১০৫-১১০ দিন সময় লাগে। উন্নত পদ্ধতিতে চাষ করলে হেক্টরপ্রতি ৩.৮-৪.৫ টন ফলন পাওয়া যায়। গমের প্রতিভা জাত পাতার মরিচা ও পাতার দাগ রোগ সহনশীল।প্রতিভা জাতের গম দেশের সকল অঞ্চলে চাষ করা যায়।', '/uploads/images/gom.jpg', 3, 11, '2016-03-14 03:21:28', '2016-03-14 03:21:28'),
(27, 'সৌরভ', 'গাছের উচ্চতা ৯০-১০০ সেমি। কুশির সংখ্যা ৫-৬টি। পাতা চওড়া, হেলানো ও গাঢ় সবুজ। নিশান পাতা চওড়া ও হেলানো। নিশান পাতার নীচের তলে মোমের মতো পাতলা আবরন থাকে। কান্ড মোটা ও শক্ত, ঝড় বৃষ্টিতে হেলে পড়ে না। নীচের গ্লুমের ঠোঁট বড়, প্রায় ৫ মিমি। শীষ বের হতে ৬০-৭০ দিন সময় লাগে। শীষ লম্বা, প্রতিটি শীষে দানার সংখ্যা ৪২-৪৮টি, দানার রং সাদা এবং হাজার দানার ওজন ৪০-৪৫ গ্রাম। বোনা থেকে পাকা পর্যন্ত ১০২-১১০ দিন সময় লাগে। উন্নত পদ্ধতিতে আবাদ করলে হেক্টরপ্রতি ফলন ৩.৫-৪.৫ টন পাওয়া যায়। জাতটি পাতার দাগ রোগ সহনশীল এবং পাতার মরিচা রোগ প্রতিরোধী। সৌরভ গম দেশের প্রায় সকল অঞ্চলে চাষের জন্য উপযোগী।', '/uploads/images/gom.jpg', 3, 11, '2016-03-14 03:21:28', '2016-03-14 03:21:28'),
(28, 'গৌরব', 'গাছের উচ্চতা ৯০-১০২ সেমি। কুশি ৫-৬টি। পাতা গাঢ় সবুজ। নিশান পাতা খাড়া, সরুও ইষৎ মোড়ানো। নীচের গ্লুমের ঠোঁট ছোট প্রায় ২ মিমি। শীষ বের হতে ৬০-৬৫ দিন সময় লাগে। শীষ লম্বা, অগ্রভাগ সরু। প্রতি শীষে ৪৫-৫০টি দানা থাকে। দানার রং সাদা এবং হাজার দানার ওজন ৪০-৪৮ গ্রাম। জীবনকাল ১০০-১০৮ দিন। উন্নত পদ্ধতিতে চাষ করলে হেক্টরপ্রতি ৩.৬-৪.৮ টন ফলন পাওয়া যায়। জাতটি পাতার মরিচা রোগ প্রতিরোধী এবং পাতার দাগ রোগ সহনশীল। এ জাতটি তাপ সহিষ্ণু তাই দেরীতে বপন করলে ভাল ফলন দেয়। বর্তমানে গম জাতসমূহের তুলনায় এ জাত ১০-১২ ভাগ বেশী ফলন দেয়।', '/uploads/images/gom.jpg', 3, 11, '2016-03-14 03:21:28', '2016-03-14 03:21:28'),
(29, 'বারি গম-২১ (শতাব্দী)', 'গাছের উচ্চতা ৯০-১০০ সেমি। কুশির সংখ্যা ৪-৬টি। পাতা চওড়া ও হালকা সবুজ। শীষ লম্বা এবং প্রতি শীষে দানার সংখ্যা ৪০-৪৫টি। শীষ বের হতে ৬৫-৬৯ দিন সময় লাগে। দানার রং সাদা ও আকারে বড়। হাজার দানার ওজন ৪৬-৪৮ গ্রাম। ফসল বোনা থেকে পাকা পর্যন্ত ১০৫-১১২ দিন সময় লাগে। উপযুক্ত পরিবেশে হেক্টরপ্রতি ফলন ৩.৬০-৫.০০ টন। উপযুক্ত সময়ে বা দেরিতে বপনে কাঞ্চনের চেয়ে শতকরা ১০-২০ ভাগ বেশী ফলন দেয়। জাতটি পাতার দাগ রোগ সহনশীল এবং মরচিা রোগ প্রতিরোধী। জাতটি তাপ সহনশীল এবং আমন ধান কাটার পর দেরিতে বপনের জন্যও জাতটি উপযুক্ত।', '/uploads/images/gom.jpg', 3, 11, '2016-03-14 03:21:28', '2016-03-14 03:21:28'),
(30, 'বারি গম-২২ (সুফী)', 'চার পাঁচটি কুশি বিশিষ্ঠ গাছের উচ্চতা ৯০-১০২ সেমি। পাতা চওড়া ও গাঢ় সবুজ। শীষ বের হতে ৫৮-৬২ দিন এবং বোনা থেকে পাকা পর্যন্ত ১০০-১১০ দিন সময় লাগে। জাতটি পাতার দাগ রোগ সহনশীল এবং মরিচা রোগ প্রতিরোধী। এটি তাপ সহনশীল ও চিটা প্রতিরোধী, পাউরুটি তৈরীর জন্য খুবই উপযোগী। জাতটি ডিসেম্বর মাসের ১৫ তারিখ পর্যন্ত বপন করা চলে এবং দেরিতে বপন করলেও দানার আকার প্রায় স্বাভাবিক থাকে। উপযুক্ত পরিবেশে হেক্টরপ্রতি ফলন ৩.৬-৪.৮ টন এবং দেরিতে বপনে জাতটি কাঞ্চনের চেয়ে শতকরা ১০-২০ ভাগ ফলন বেশি দেয়।', '/uploads/images/gom.jpg', 3, 11, '2016-03-14 03:21:28', '2016-03-14 03:21:28'),
(31, 'বিআর-১৭(হাসি)', 'ব্রি এ জাতটিকে হবিগঞ্জ ও সুনামগঞ্জ হাওড় এলাকার উপযোগী বলে চূড়ান্তভাবে নির্বাচন করে বোরো মৌসুমে চাষের জন্য এ জাতটি অনুমোদন লাভ করে। এ ধানের জনপ্রিয় নাম হাসি । এ জাতের গাছ বেশ  উঁচু ও কান্ড শক্ত। ফুল ফোটার সময় এ ধানের শীষগুলো ডিগপাতার উপরে  থাকে বলে সহজেই দৃষ্টি অকর্ষণ করে  এবং  জাতটির জীবনকাল মাধ্যম মেয়াদী।', '/uploads/images/dhan.jpg', 1, 6, '2016-03-14 03:21:28', '2016-03-14 03:21:28'),
(33, 'বিআর-১৮(শাহজালাল)', 'ব্রি পরীক্ষা-নিরীক্ষার পর করে হবিগঞ্জ ও সুনামগঞ্জ  হাওড় এলাকার উপযোগী বলে চূড়ান্তভাবে নির্বাচন করে। বোরো ও মৌসুমে এ জাতটি বিআর ১৮ নামে অনুমোদন লাভ করে। এ ধানের জনপ্রিয় নাম শাহজালাল। এ জাতের গাছ বেশ  উঁচু  ও কান্ড মজবুত এবং নাবী।', '/uploads/images/dhan.jpg', 1, 6, '2016-03-14 03:21:28', '2016-03-14 03:21:28'),
(35, 'বিআর-১৯(মঙ্গল)', 'জাতটি ধান পরীক্ষা কার্যক্রমের মাধ্যমে ব্রি-তে আসে এবং পরীক্ষা-নিরীক্ষায় এটি হবিগঞ্জ ও সুনামগঞ্জ  হাওড় এলাকার উপযোগী বলে চূড়ান্তভাবে নির্বাচন করা হয। বোরো মৌসুমের এ জাতটি বিআর ১৯ নামে অনুমোদন লাভ করে। এ ধানের জনপ্রিয় নাম মঙ্গল। এর ডিগপাতা ছোট এবং কান্ডের সাথে আড়াআড়িভাবে অবস্থান করে। ফুল ফোটার সময় শীষ উপরে থাকে এবং দৃষ্টি আকর্ষণ করে। এ জাতের গাছ বেশ উঁচু এবং ধান পাকা পর্যন্ত খাড়া থাকে এবং নাবী।', '/uploads/images/dhan.jpg', 1, 6, '2016-03-14 03:21:28', '2016-03-14 03:21:28'),
(42, 'বিআর-২০(নিজামী)', ' এ ধানের জনপ্রিয় নাম নিজামী। এ জাতের ধানে অনেক সময় দাগ দেখা যায় । জাতটি ছিটিয়ে, লাইন করে  এবং ডিবলিং করা যায়। বোনা আউশের এ জাতটি দেশের বৃষ্টিবহুল অঞ্চলে, বিশেষ করে বৃহত্তর সিলেট, চট্টগ্রাম, কুমিল্লা, নোয়াখালী ও ময়মনসিংহ জেলার জন্য উপযোগী।', '/uploads/images/dhan.jpg', 1, 4, '2016-03-14 03:21:29', '2016-03-14 03:21:29'),
(43, 'বিআর-২১(নিয়ামত)', 'এ ধানের জনপ্রিয় নাম নিয়ামত। জাতটি ছিটিয়ে,লাইন করে এবং ডিবলিং পদ্ধতিতে বোনা যেতে পারে। বোনা আউশের এ জাতটি দেশের বৃষ্টিবহুল অঞ্চলে, বিশেষ করে বৃহত্তর সিলেট, চট্টগ্রাম, কুমিল্লা, নোয়াখালী ও ময়মনসিংহ জেলার জন্য উপযোগী।', '/uploads/images/dhan.jpg', 1, 4, '2016-03-14 03:21:29', '2016-03-14 03:21:29'),
(44, 'বিআর-২৪(রহমত)', 'আউশ মৌসুমের উপযোগী। এ ধানের জনপ্রিয় নাম রহমত। এ জাতের গাছ খুবই শক্ত। ফুল ফোটার সময় শীষ ডিগপাতার উপর থাকে এবং সহজেই দৃষ্টি আকর্ষণ করে। এ ধানের চাল খুবই সুন্দর। জাতটি ছিটিয়ে, লাইন করে  এবং ডিবলিং  পদ্ধতিতে বোনা যায়। রহমত কেবল বৃষ্টিবহুল এলাকার  জন্য উপযোগী।', '/uploads/images/dhan.jpg', 1, 4, '2016-03-14 03:21:29', '2016-03-14 03:21:29'),
(45, 'বিআর-২৬(শ্রাবণী)', 'বিভিন্ন পরীক্ষা-নিরীক্ষার মাধ্যমে এটিকে রোপা আউশের জাত হিসেবে চুড়ান্তভাবে নির্বচান করা হয়। এ ধানের জনপ্রিয় নাম শ্রাবণী। এটি আগাম জাত। এর কান্ড শক্ত এবং ফুল ফোটার সময় শীষ ডিগপাতার উপর থাকে। তাই সহজেই দৃষ্টি আকর্ষণ করে। এর চাল বালামের অনুরূপ। কিন্তু ভাত নরম ও কিছুটা আঠালো। ধান শুকানোর পর দুই তিন মাস  সংরক্ষণ করলে আঠালো ভাব অনেকাংশে দুরীভুত হয় ।', '/uploads/images/dhan.jpg', 1, 4, '2016-03-14 03:21:29', '2016-03-14 03:21:29'),
(46, 'ব্রি ধান ২৭', ' ধানের গোড়ার দিকে পাতার খোল কিছুটা বেগুনি রঙের এবং ধানের মাথায় বেগুনি রঙের ফোঁটা আছে। ধান পাকার সাথে সাথে এ ফোঁটা ঝরে পড়ে যায়। এ জাতের গাছ উঁচু হলেও কিছুটা ঢলে পড়া প্রতিরোধ ক্ষমতাসম্পন্ন। স্থানীয় জাত গুলো যখন ধান পাকার আগেই ঢলে পড়ে যায় তখন এ ধান মজবুতির সাথে দাঁড়িয়ে থাকে। বরিশাল পটুয়াখালী জেলার অলবণাক্ত জোয়ার-ভাটা কবলিত জমিতে বোনা ও রোপা আউশ হিসেবে চাষাবাদের জন্য জাতটি খুবই উপযোগী।', '/uploads/images/dhan.jpg', 1, 4, '2016-03-14 03:21:29', '2016-03-14 03:21:29'),
(47, 'ব্রি ধান ৪২', 'Minima a odit quo vel debitis. Ipsa dolorem occaecati cumque. Illo occaecati deserunt deleniti maxime qui eius.', '/uploads/images/dhan.jpg', 1, 4, '2016-03-14 03:21:29', '2016-03-14 03:21:29'),
(48, 'বিআর-২২(কিরণ)', 'আমন মৌসুমের উপযোগী। এ ধানের নাম কিরণ। এটি একটি আলোক সংবেদনশীল নাবী জাত। ঠিক নাইজারশইলের মতো। এর চাল আর নাইজারশাইলের মধ্যে পার্থক্য নেই বললেই চলে; আবার ফলনও হয় দ্বিগুণ। দেশের বন্যাপ্রবণ এলাকায় বন্যা পরবর্তী সময়ে যে জমিতে যেভাবে নাইজারশাইলের চারা রোপণ করা হয় সে সময়ে ওই জমিতে একই নিয়মে কিরণ রোপণ করা যাবে। কিরণে প্রতি হেক্টর ১ টন ফলনও বেশি পাওয়া যাবে। রোপণের পর কিছু পরিচর্যা, যেমন জমিতে পানি সংরক্ষণ ও পরিমাণ মতো নাইট্রোজেন সার প্রয়োগ করতে হয়। জোয়ার-ভাটা অঞ্চলে কিরণ ধানের ৪০-৫০ দিনের চারা ১-১৫ আশ্বিন পর্যন্ত রোপণ করা যায়। ১৫ আশ্বিনের পর এ ধান রোপণ করা উচিত নয়। প্রচলিত কুমড়াগইর, সাদামোটা ইত্যাদি ধানের সাথেই ধান কাটা যায় এবং প্রতি হেক্টরে কমপক্ষে ১ টন ফলন বেশি পাওয়া যায়।', '/uploads/images/dhan.jpg', 1, 5, '2016-03-14 03:21:29', '2016-03-14 03:21:29'),
(49, 'বিআর-২৩(দিশারী)', 'এ ধানের জনপ্রিয় নাম দিশারী। এ ধানের চারা ও গাছ বেশ উঁচু ও কান্ড খুবই শক্ত। এটি একটি আলোক-সংবেদনশীল নাবী জাত। তাছাড়া এ ধান কিছুটা লবনাক্ততা সহনশীল। এসব গুণাবলীর  জন্য জাতটি খুলনা  ও বাগেরহাট অঞ্চলে রোপা আমনে খুবই জনপ্রিয়। বিআর ২২ ধানের মতোই বিআর ২৩ বন্যা-পরবর্তী এবং জোয়ার ভাটা অঞ্চলে নাবী রোপা আমন হিসেবে চাষাবাদের জন্য উপযোগী।', '/uploads/images/dhan.jpg', 1, 5, '2016-03-14 03:21:29', '2016-03-14 03:21:29'),
(50, 'বিআর-২৫(নয়াপাজাম)', 'আমন মৌসুমের উপযোগী এ ধানের জনপ্রিয় নাম নয়াপাজাম। এ ধানের রং ও আকৃতি এবং চালের আকার একদম পাজামের মতো। উপরন্তু এ ধান ৫-৭ দিন আগাম, গাছ অনেক মজবুত এবং ফলন দেয় বেশি। এ ধানের জীবনকাল মধ্য মেয়াদী। তাই আষাঢ়ের শুরুতে বপন করলে কার্তিকের মাঝামাঝি সময়ে কেটে রবি ফসল চাষাবাদ করা যায়।', '/uploads/images/dhan.jpg', 1, 5, '2016-03-14 03:21:29', '2016-03-14 03:21:29'),
(51, 'ব্রি ধান ২৮', 'এটি বোরো মৌসুমের আগাম জাত হিসেবে অনুমোদন লাভ করে। এ ধানের ডিগপাতা হেলে যায় এবং শীষ উপরে  থাকে; ফলনেও ভাল তাই এর জনপ্রিয়তা ঘরে ঘরে।  ', '/uploads/images/dhan.jpg', 1, 6, '2016-03-14 03:21:29', '2016-03-14 03:21:29'),
(52, 'ব্রি ধান ২৯', 'এটা বোরো মৌসুমের আগাম নাবী জাতের ধান। এর সার গ্রহণ ক্ষমতা যেমন বেশি তেমনে কান্ড মজবুত আর ফলনের পরিমাণ সর্বোচ্চ গুনে ও মানে ব্রি ধান ২৯ সকল আধুনিক ধানের সেরা।', '/uploads/images/dhan.jpg', 1, 6, '2016-03-14 03:21:29', '2016-03-14 03:21:29'),
(53, 'ব্রি ধান ৩৫', 'এটি বাদামি গাছফড়িং প্রতিরোধশীল জাত হিসেবে চাষাবাদের জন্য অনুমোদন লাভ করে।', '/uploads/images/dhan.jpg', 1, 6, '2016-03-14 03:21:29', '2016-03-14 03:21:29'),
(54, 'ব্রি ধান ৪৫', 'এটি বোরো মৌসুমে আগাম জাত হিসেবে চাষাবাদের জন্য অনুমোদন লাভ করে। এর গাছ ব্রি ধান ২৮ এর চেয়ে অধিক মজবুত। ডিগপাতা লম্বা এবং খাড়া। এর জীবনকাল ব্রি ধান ২৮- এর সমান, কিন্তু ফলন বেশি।', '/uploads/images/dhan.jpg', 1, 6, '2016-03-14 03:21:29', '2016-03-14 03:21:29'),
(55, 'ব্রি ধান ৪৭', 'এ জাতটি সাতক্ষীরার লবণাক্ত এলাকায় বোরো মৌসুমে চাষাবাদের জন্য নির্বাচন করা হয়। জাতটির প্রধান বৈশিষ্ট্য হলো, এটি চারা অবস্থায় ১২-১৪ ডিএস/মিটার এবং বাকি জীবনকালব্যাপী ৬ ডিএস/মিটার লবণাক্ততা প্রতিরোধ ক্ষমতাসম্পন্ন। জাতটির ডিগপাতা ব্রি ধান ২৮- এর চেয়ে চওড়া, খাড়া এবং লম্বা। এর চালের পেটে সাদা দাগ আছে তবে ধান সিদ্ধ করলে ঐ সাদা দাগ থাকে না। এ জাতটি লবণাক্ত অঞ্চলের যেখানে সেচের পানির লবণাক্ততা মাত্রা ৪ ডিএস/মিটার পর্যন্ত আছে সেখানে অনায়াসেই বোরো মৌসুমে এর আবাদ করা যাবে।', '/uploads/images/dhan.jpg', 1, 6, '2016-03-14 03:21:29', '2016-03-14 03:21:29'),
(56, 'ব্রি ধান ৫০(বাংলামতি)', 'ধারে জাত ও অবমুক্তির বছর ২০০৮ (বাংলামতি) মৌসুম বোরো, উচ্চতা ৮২ সেমি, জীবনকাল ১৫৫ দিন, জাতের বৈশিষ্ট্য চাল লম্বা,চিকন, সুগন্ধি ও সাদা, ধানের গড় ফলন ৬.০ টন/হেক্টর।', '/uploads/images/dhan.jpg', 1, 6, '2016-03-14 03:21:29', '2016-03-14 03:21:29'),
(57, 'কিরণী', '১৯৯২ সালে জাতটির অনুমোদন দেয়া হয়। বাছাই প্রক্রিয়ার মাধ্যমে জাতটি উদ্ভাবন করা হয়। জাতটির কান্ডের ব্যাস ১.৫-২.০ সে.মি.। পরিপক্ক পুষ্পমঞ্জুরী বা শাখার ব্যাস ১২-১৫ সে.মি.। প্রতি মাথায় বীজের সংখ্যা ৪০০-৬০০। বীজের রং কালো। ১০০০ বীজের ওজন ৬৮-৭২ গ্রাম। বীজে তেলের পরিমাণ শতকরা ৪২-৪৪ ভাগ। জাতটি মোটামুটি অলটারনারিয়া রোগ সহনশীল। জীবনকাল ৯০-১১০ দিন। হেক্টর প্রতি ফলন ১.৬ হতে ১.৮ টন।', '/uploads/images/sunflowers.jpg', 2, 7, '2016-03-14 03:21:29', '2016-03-14 03:21:29'),
(58, 'বারি সূর্যমুখী-২', 'গাছের কান্ডের ব্যাস ২.০-২.৪ সে.মি.। পরিপক্ক পুষ্পমঞ্জুরী বা শাখার ব্যাস ১৫-১৮ সে.মি.। বীজের রং কালো। ১০০০ বীজের ওজন ৬৫-৭০ গ্রাম। প্রতি মাথায় বীজের সংখ্যা ৪৫০-৬৫০। তেলের পরিমাণ শতকরা ৪২-৪৪ ভাগ। জীবনকাল রবি মৌসুমে ৯৫-১০০ দিন এবং খরিফ মৌসুমে ৯০-৯৫ দিন। হেক্টর প্রতি ফলন রবি মৌসুমে ২.০ হতে ২.৩ টন এবং খরিপ মৌসুমে ১.৫ হতে ১.৮ টন।', '/uploads/images/sunflowers.jpg', 2, 7, '2016-03-14 03:21:29', '2016-03-14 03:21:29'),
(59, 'টরি-৭', 'ফসল বোনা থেকে পাকা পর্যন্ত ৭০-৮০ দিন সময় লাগে। উন্নত পদ্ধতিতে চাষ করলে হেক্টর প্রতি ফলন ৯৫০-১১০০ কেজি হয়। বীজে তেলের পরিমাণ ৩৮-৪১%। জাতটি রোগবালাই সহনশীল।', '/uploads/images/sorisa.png', 2, 8, '2016-03-14 03:21:29', '2016-03-14 03:21:29'),
(60, 'সোনালী সরিষা', ' ফলে ৪ টি কক্ষ থাকে এবং প্রতি ফলে বীজের সংখ্যা ৩৫-৪৫ টি । বীজের রং হলদে সোনালী । বীজ গোলাকার।হাজার বীজের ওজন ৩.৫-৪.৫ গ্রাম এবং বীজে তেলের পরিমাণ ৪৪-৪৫%। গাছের কান্ড ও শিকড় শক্ত বলে অধিক সার ও সেচ প্রয়োগে গাছ নুয়ে পড়ে না।', '/uploads/images/sorisa.png', 2, 8, '2016-03-14 03:21:29', '2016-03-14 03:21:29'),
(61, 'কল্যাণীয়া', 'বীজ গোলাকার। হাজার বীজের ওজন ২.৫-৩.০ গ্রাম। বীজে তেলের পরিমাণ ৪০-৪২%। ফসল পাকতে ৭৫-৮৫ দিন সময় লাগে। উন্নত পদ্দতিতে চাষ করলে প্রতি হেক্টরে ১.৪৫-১.৬৫ টন ফলন পাওয়া যায়। কল্যাণীয়া জাতটি স্বল্প মেয়াদী উচ্চ ফলনশীল আগাম জাত।', '/uploads/images/sorisa.png', 2, 8, '2016-03-14 03:21:29', '2016-03-14 03:21:29'),
(62, 'দৌলত', 'বপন থেকে তোলা পর্যন্ত ৯০-১০৫ দিন সময় লাগে। হেক্টর প্রতি ফলন ১.১-১.৩ টন। দৌলত জাত খরা ও কিছুটা লবনাক্ততা সহনশীল। বীজে তেলের পরিমাণ ৩৯-৪০%। জাতটি অলটারনারিয়া বস্নাইট রোগ সহনশীল।', '/uploads/images/sorisa.png', 2, 8, '2016-03-14 03:21:29', '2016-03-14 03:21:29'),
(63, 'বারি সরিষা-৬', 'ফল ২ কক্ষ বিশিষ্ট এবং প্রতি ফলে বীজের সংখ্যা ২২-২৫ টি। হাজার বীজের ওজন ৩-৪ গ্রাম। বীজের রং হলদে। কান্ড ও শিকড় শক্ত হওয়ায় গাছ হেলে পড়ে না। পরিপক্ক ফল ফেটে গিয়ে বীজ ঝরে পড়ে না। ফল ও ফলের ঠোঁট তুলনামূলকভাবে লম্বা। বারি সরিষা-৬ (ধলি) পাকতে ৯০-১০০ দিন সময় লাগে। পরিমাণমত সার ও সেচ দিলে প্রতি হেক্টরে ১.৯-২.২ টন ফলন পাওয়া যায়। বীজে তেলের পরিমাণ ৪৪-৪৫%।', '/uploads/images/sorisa.png', 2, 8, '2016-03-14 03:21:29', '2016-03-14 03:21:29'),
(64, 'বারি সরিষা-৯', 'এ জাতটি  ‌টরি-৭ এর চেয়ে শতকরা ১০-২৫ ভাগ বোশ ফলন দেয়। আমন ধান কাটার পর এবং বোরো ধান চাষের আগে। স্বল্প মেয়াদী এ জাতটি সহজে চাষ করা সম্ভব। বীজে তেলের পরিমাণ শতকরা ৪৩-৪৪ ভাগ। ফসল পাকতে ৮০-৮৫ দিন সময় লাগে। পরিমাণমত সার ও সেচ দিলে হেক্টরে ১.২৫-১.৪৫ টন ফলন পাওয়া যায়। ', '/uploads/images/sorisa.png', 2, 8, '2016-03-14 03:21:29', '2016-03-14 03:21:29'),
(65, 'বারি সরিষা-১০', 'গাছের উচ্চতা ৯০-১০০ সেমি। প্রতি গাছে ৪-৬ টি প্রাথমিক শাখা থাকে। শাখা থেকে প্রশাখা বের হয়। পাতা হালকা সবুজ রংয়ের। পাতা  বোটাযুক্ত ও খসখসে। প্রতি গাছে ফলের সংখ্যা ১০০-১২০ টি। ফল ২ কক্ষ বিশিষ্ট। প্রতি পলে বীজের সংখ্যা ১২-১৫ টি। বীজের রং পিঙ্গঁল। হাজার বীজের ওজন ২.০-৩.০ গ্রাম। বীজে তেলের পরিমাণ শতকরা ৪২-৪৩ ভাগ। হেক্টর প্রতি ফলন ১.২৫-১.৪৫ টন। আমন ধান কাটার পর এ জাতটি নাবি জাত হিসাবে চাষ করা যায়।', '/uploads/images/sorisa.png', 2, 8, '2016-03-14 03:21:29', '2016-03-14 03:21:29'),
(66, 'সোহাগ (পিবি-১)', ' সংগৃহীত জার্মপ্লাজম থেকে বাছাই প্রক্রিয়ার মাধ্যমে ১৯৯১ সালে সরকার কর্তৃক জাতটির  অনুমোদন দেয়া হয়।ফুলের রং বেগুনী। বীজের রং উজ্জ্বল হলদে। বীজ সংরক্ষণ ক্ষমতা ভালো। ১০০ বীজের ওজন ১১-১২ গ্রাম। এজাতটি পাতার হলদে মোজাইক রোগ সহনশীল। জীবনকাল রবি মৌসুমে ১০০-১১০ দিন এবং খরিপ মৌসুমে ৮০-৯০ দিন। হেক্টর প্রতি ফলন ১.৫-২.০ টন।', '/uploads/images/soyabean.jpg', 2, 9, '2016-03-14 03:21:29', '2016-03-14 03:21:29'),
(67, 'বাংলাদেশ সয়াবিন-৪', '১৯৯৪ সালে জাতটির অনুমোদন দেয়া হয়। এ জাতের বীজের আকার ছোট।  ১০০ বীজের ওজন ৫-৭ গ্রাম। বীজের রং হলদে। জাতটি পাতার হলদে মোজাইক রোগ সহনশীল। জাতটির জীবনকাল ৯০-১২০ দিন। হেক্টর প্রতি  ফলন ১.৮-২.০ টন।', '/uploads/images/soyabean.jpg', 2, 9, '2016-03-14 03:21:29', '2016-03-14 03:21:29'),
(68, 'বারি সয়াবিন-৫', '২০০২ সালে জাতটির অনুমোদন দেয়া হয়। এজাতটি সব মৌসুমেই চাষ করা যায়।  এ জাতের প্রতিটি গাছে ফলের সংখ্যা ২৫-৩২ টি। শুটিতে বীজের সংখ্যা ২-৩  টি। বীজের আকার সোহাগের চেয়ে সামান্য ছোট এবং বাংলাদেশ সয়াবিন-৪ এর  বীজের চেয়ে বড়। বীজের রং ক্রীম এবং শত বীজের ওজন ৯-১৪ গ্রাম। জীবনকাল ৯০- ১০০ দিন। হেক্টর প্রতি ফলন ১.৬-২.০ টন।', '/uploads/images/soyabean.jpg', 2, 9, '2016-03-14 03:21:29', '2016-03-14 03:21:29'),
(69, 'বারি সয়াবীন-৬', 'জাতটি বাংলাদেশের সব জায়গায় রবি ও খরিফ-২ মৌসুমে চাষ উপযোগী। রবি মৌসুমে মধ্য ডিসেম্ভর থেকে মধ্য জানুয়ারি এবং খরিফ-২ মৌসুমে জুলাই মাসে বপনের উপযুক্ত সময়। জাতটি বপন থেকে পরিপক্ক হতে ১০০-১১০ দিন সময় লাগে। জাতে ২০-২১% তেল এবং ৪২-৪৪% প্রোটিন থাকে। জাতটিতে মোজাইক ভাইরাসের আক্রমণ কম হয়। জাতটির হেক্টর প্রতি ফলন ১.৮০-২.২০ টন।', '/uploads/images/soyabean.jpg', 2, 9, '2016-03-14 03:21:29', '2016-03-14 03:21:29'),
(82, 'বাসন্তী বাদাম', 'প্রতি বাদামে ১-২ টি বীজ থাকে। বীজের আকার মধ্য লম্বাকৃতি এবং রং লালচে বাদামী। বীজে তেলের পরিমাণ ৪৮%। রবি ও খরিফ উভয় মৌসুমে এ জাতটি চাষ করা যায়। ফলনঃ রবি মৌসুমে প্রতি হেক্টরে ২.০-২.২ টন এবং খরিফ মৌসুমে প্রতি হেক্টরে ১.৮-২.০ টন।', '/uploads/images/1458981896_ch_4_527134855.jpg', 3, 12, '2016-03-26 02:44:56', '2016-03-26 02:44:56'),
(83, 'ঝিংগা বাদাম', 'প্রতি বাদামে ৩-৪ টি বীজ থাকে। বীজের উপরের খোসা বাদামী রঙের হয়। বীজের তেলের পরিমাণ ৪৯-৫০%। জাতটি বেশ খরা সহনশীল। ফলনঃ  হেক্টর প্রতি প্রায় ২.৪-২.৬ টন।', '/uploads/images/1458981989_ch_4_527134855.jpg', 3, 12, '2016-03-26 02:46:29', '2016-03-26 02:46:29'),
(84, 'ত্রিদানা বাদাম', 'বীজের উপরের খোসা গাঢ় লাল এবং প্রতি বাদামে ৩-৪ টি বীজ থাকে। বীজে তেলের পরিমাণ ৪৯-৫০%। জাতটি খরিপ মৌসুমে চাষ করা উত্তম। এ জাতটির বীজের সুপ্তি কাল নেই। ফলনঃ হেক্টর প্রতি প্রায় ২.২-২.৪ টন।', '/uploads/images/1458982019_ch_4_527134855.jpg', 3, 12, '2016-03-26 02:46:59', '2016-03-26 02:46:59'),
(85, 'বারি চীনাবাদাম-৫', 'প্রতি বাদামে বীজের সংখ্যা ১-২ টি।  বাদামের শিরা উপশিরা খুব স্পষ্ট, বীজের আকার বড়। বীজের সুপ্তিকাল ১০-১৫ দিন। বীজে তেলের পরিমাণ ২৫-২৭%। রবি ও খরিফ উভয় মৌসুমে চাষ যোগ্য।  ফলনঃ হেক্টরপ্রতি রবি মৌসুমে ২.৭০-৩.১০ টন এবং খরিফ মৌসুমে ২.০-২.৫ টন।', '/uploads/images/1458982048_ch_4_527134855.jpg', 3, 12, '2016-03-26 02:47:28', '2016-03-26 02:47:28'),
(86, 'বারি চীনাবাদাম-৬', 'বীজের রং হালকা বাদামি। বীজে তেলের পরিমাণ ৫০-৫২%। ফলনঃ হেক্টর প্রতি রবি মৌসুমে ২.৫-২.৮ টন এবং খরিফ মৌসুমে ২.০-২.৪ টন।', '/uploads/images/1458982091_ch_4_527134855.jpg', 3, 12, '2016-03-26 02:48:11', '2016-03-26 02:48:11'),
(87, 'বারি চীনাবাদাম-৭', 'বাদামের খোসা মসৃণ ও কিছুটা সাদাটে ও নরম। বীজের সুপ্ততা নেই। পাতায় দাগ পড়া ও মরিচা রোগ তুলনামুলক কম হয়। ফলনঃ হেক্টর প্রতি রবি মৌসুমে ২.৮-৩.০ টন এবং খরিফ মৌসুমে ১.৮-২.০ টন।', '/uploads/images/1458982117_ch_4_527134855.jpg', 3, 12, '2016-03-26 02:48:37', '2016-03-26 02:48:37'),
(88, 'বারি চীনাবাদাম-৯', ' বাংলাদেশের সবখানে রবি ও খরিফ মৌসুমে চাষাবাদের উপযুক্ত। এই জাতটি বারি চীনা বাদাম-৬ ও ৭ থেকে ৫-৭ দিন আগে পরিপক্ক হয়। ফলনঃ হেক্টর প্রতি ২.৫-২.৮ টন।\r\nবর্তমানে প্রাণ উদ্ভাবিত প্রাণ চীনাবাদাম-১ উত্তরাঞ্চলে চাষ করে আশাতীত ফলন পাওয়া যাচ্ছে। এ জাতের বাদামের দানা বড় এবং ফলনও প্রচলিত জাতের চেয়ে শতকরা ৩০ ভাগ বেশি।', '/uploads/images/1458982147_ch_4_527134855.jpg', 3, 12, '2016-03-26 02:49:07', '2016-03-26 02:49:07'),
(89, 'বারি টমেটো-১', 'গাছের উচ্চতা ৪০-৪২ ইঞ্চি। প্রতিটি গাছে ২৫-৩০টি করে ফল ধরে। গাছ প্রতি ফলন ২.৫-৩.০ কেজি। ফল কিছুটা লম্বাটে আকারের। প্রতিটি ফলের ওজন ৮৫-৯৫ গ্রাম। বাংলাদেশের সব এলাকাতেই এটি চাষ করা যায়। গাছ থেকে এক মাসের বেশি সময় ধরে ফল সংগ্রহ করা যায়। প্রতি হেক্টরে ফলন ৩৪৫-৩৬০ টন/হেক্টর।', '/uploads/images/1458982267_JMS_AGR081.jpg', 13, 14, '2016-03-26 02:51:07', '2016-03-26 02:51:07'),
(90, 'বারি টমেটো-২', 'গাছের উচ্চতা ২৮-৩০ ইঞ্চি। প্রতিটি গাছে ৩০-৩৫টি করে ফল ধরে। গাছ প্রতি ফলন ২.০-২.৫ কেজি। ফল মোটামুটি গোল আকারের হয়। প্রতিটি ফলের ওজন ৮৫-৯০ গ্রাম। ফলটি অনেকদিন সংরক্ষণ করা যায়। বাংলাদেশের সব এলাকাতেই এটি চাষ করা যায়। গাছ থেকে এক মাসের বেশি সময় ধরে ৪-৫ বার ফল সংগ্রহ করা যায়। প্রতি হেক্টরে ফলন ৩২৫-৩৪৫ টন/হেক্টর।', '/uploads/images/1458982297_JMS_AGR081.jpg', 13, 14, '2016-03-26 02:51:37', '2016-03-26 02:51:37'),
(91, 'বারি টমেটো-৩', 'গাছের উচ্চতা ৪০-৪২ ইঞ্চি। প্রতিটি গাছে ৩০-৩২টি করে ফল ধরে। গাছ প্রতি ফলন ২.০-৩.০ কেজি। ফলের রঙ গাঢ় লাল। ফল কিছুটা চ্যাপ্টা ও মাংসল ধরণের। প্রতিটি ফলের গড় ওজন ৮৫-৯০ গ্রাম। বাংলাদেশের সব এলাকাতেই এটি চাষ করা যায়। প্রতিটি গাছ থেকে ৭-৮ বার ফল সংগ্রহ করা যায়। প্রতি হেক্টরে ফলন ৩৪৫-৩৬০ টন/হেক্টর।', '/uploads/images/1458982324_JMS_AGR081.jpg', 13, 14, '2016-03-26 02:52:04', '2016-03-26 02:52:04'),
(92, 'বারি টমেটো-৪', 'প্রতিটি গাছে ২০-২৫টি ফল ধরে। গাছ প্রতি ফলন প্রায় ১ কেজি। ফলের রঙ লাল এবং গোল আকারের। প্রতিটি ফলের গড় ওজন ৪০ গ্রাম। এই জাতটি উচ্চ তাপ সহনশীল বলে সারাবছরই চাষ করা যায়। এ জাত চাষ করে বর্ষা মৌসুমে আর্থিকভাবে বেশি লাভবান হওয়া যায়। তবে গ্রীষ্ম এবং বর্ষা মৌসুমে পলিথিন ছাউনিতে চাষ করতে হয় এবং টমেটোটোন (প্রতি লিটার পানিতে ২০ মিলিলিটার হারে) নামক হরমোন প্রয়োগে ফলন বেশি হয়। প্রতি হেক্টরে ফলন ৮০-৯০ টন/হেক্টর।', '/uploads/images/1458982349_JMS_AGR081.jpg', 13, 14, '2016-03-26 02:52:29', '2016-03-26 02:52:29'),
(93, 'বারি টমেটো-৫', ' প্রতিটি গাছে ২০-২২টি ফল ধরে। গাছ প্রতি ফলন প্রায় ৮০০ গ্রাম থেকে ১ কেজি। ফলের আকার হৃদপিন্ডের মতো। প্রতিটি ফলের ওজন প্রায় ৪৫ গ্রাম। শীত মৌসুমে আগাম চাষ করা যায়। তবে গ্রীষ্ম এবং বর্ষা মৌসুমে পলিথিন ছাউনিতে চাষ করতে হয় এবং টমেটোটোন (প্রতি লিটার পানিতে ২০ মিলিলিটার হারে) নামক হরমোন প্রয়োগে ফলন বেশি হয়। প্রতি হেক্টরে ফলন ৮০-৯০ টন/হেক্টর।', '/uploads/images/1458982376_JMS_AGR081.jpg', 13, 14, '2016-03-26 02:52:56', '2016-03-26 02:52:56'),
(94, 'বারি টমেটো-৬', 'গাছের উচ্চতা ৪৮-৫৪ ইঞ্চি। ফুল ও ফল হওয়ার সময়ও গাছের বৃদ্ধি হতে থাকে। প্রতি গাছে ৩০-৪০টি ফল ধরে। ফল গোল আকারের। রঙ হালকা লাল। ফলের চামড়ার উপরে শিরা দেখা যায়। প্রতিটি ফলের ওজন ৮০-৯০ গ্রাম। গাছ থেকে এক মাসের বেশি সময় ধরে ফল সংগ্রহ করা যায়। শীত মৌসুমে আগাম চাষ করা যায়। তবে গ্রীষ্ম এবং বর্ষা মৌসুমে পলিথিন ছাউনিতে চাষ করতে হয় এবং টমেটোটোন নামক হরমোন (প্রতি লিটার পানিতে ২০ মিলিলিটার হারে) প্রয়োগে ফলন বেশি হয়।  প্রতি হেক্টরে ফলন শীত মৌসুমে: ৩২০-৩৬০ গ্রীষ্ম মৌসুমে: ১৮০-২০০ টন/হেক্টর।', '/uploads/images/1458982402_JMS_AGR081.jpg', 13, 14, '2016-03-26 02:53:22', '2016-03-26 02:53:22'),
(95, 'বারি টমেটো-৭', 'প্রতিটি গাছে ৩০-৩২টি ফল ধরে। প্রতি গাছের ফলন হয় ৩.০-৩.৫ কেজি।  ফলের উপরে বোঁটার গোড়ায় তারার মতো চিহ্ন থাকে। ফল সামান্য চেপ্টা ধরণের। ফলের রঙ গাঢ় হলদে থেকে কমলা। প্রতিটি ফলের গড়ওজন ১৫০ গ্রাম। এই জাতের টমেটোতে বিটা ক্যারোটিন থাকে, যা রাতকানা রোগ থেকে রক্ষা করে। এক মৌসুমে ৬-৭ বার ফল সংগ্রহ করা যায়। সারাদেশেই শীতকালে চাষ করা যায়। পারিবারিক বাগানে চাষের জন্য এজাতটি বিশেষভাবে উপযোগী। প্রতি হেক্টরে ফলন ৪০০-৪২৫ টন/হেক্টর।', '/uploads/images/1458982428_JMS_AGR081.jpg', 13, 14, '2016-03-26 02:53:48', '2016-03-26 02:53:48'),
(96, 'বারি টমেটো-৮', 'গাছ খাটো আকারের। প্রতিটি গাছে ২৫-৩০টি ফল ধরে। প্রতি গাছে ফলন হয় ২.৫-৩.০ কেজি। ফল বর্গাকৃতি থেকে গোল আকারের হয়ে থাকে। ফলের রঙ হালকা লাল। ফল মাংসল এবং ফলের চামড়া (ত্বক) খুব পুরু ও শক্ত। প্রতিটি ফলের গড় ওজন ১০০-১১৫ গ্রাম। এক মৌসুমে ৪-৫ বার ফল সংগ্রহ করা যায়। জমি থেকে ফল তুলে ঘরে সাধারণ তাপমাত্রায় ১৫-২০ দিন সংরক্ষণ করা যায়। প্রতি হেক্টরে ফলন ৩৬৫-৩৮৫ টন/হেক্টর।', '/uploads/images/1458982479_JMS_AGR081.jpg', 13, 14, '2016-03-26 02:54:39', '2016-03-26 02:54:39'),
(97, 'বারি টমেটো-৯', 'গাছ খাটো আকারের। প্রতিটি গাছে ৩২-৩৫টি ফল ধরে। প্রতি গাছে ফলন হয় ২.০-৩.০ কেজি। ফল ডিমের আকৃতির। ফলের নিচের দিক সামান্য চোখা। ফলের গড় ওজন ৭৫ গ্রাম। এক মৌসুমে ৩-৪ বার ফল সংগ্রহ করা যায়। সংগ্রহ করা ফল ঘরে সাধারণ তাপমাত্রায় ৩ সপ্তাহের বেশি সময় সংরক্ষণ করা যায়। ফল শক্ত তাই দূর দূরান্তে পরিবহন করা যায়। প্রতি হেক্টরে ফলন ৩২০-৩৬০ টন/হেক্টর।', '/uploads/images/1458982505_JMS_AGR081.jpg', 13, 14, '2016-03-26 02:55:05', '2016-03-26 02:55:05'),
(98, 'বারি টমেটো-১০', 'প্রতিটি গাছে ৭৫-৮০টি ফল ধরে। গাছ প্রতি ফলন হয় ২.০-২.৫ কেজি। ফল ডিম আকারের। প্রতিটি ফলের ওজন ২৫-৩০ গ্রাম। ফলের ত্বক বেশ পুরু এবং শক্ত । ফল সংগ্রহ এক মাসের বেশি সময় ধরে করা যায়। এ জাতটি দূর দূরান্তে সরবরাহের উপযোগী। তাছাড়াও ঘরেও বেশি সময় ধরে সংরক্ষণ করা যায়। গ্রীষ্মকালে পাওয়া বলে বেশি লাভবান হওয়া যায়। গ্রীষ্ম মৌসুমে হরমোন ব্যবহার জরুরি নয়, তবে ব্যবহার করলে ফলন বেশি হয়। প্রতি হেক্টরে ফলন ১৮০-২০০ টন/হেক্টর।', '/uploads/images/1458982530_JMS_AGR081.jpg', 13, 14, '2016-03-26 02:55:30', '2016-03-26 02:55:30'),
(99, 'বারি টমেটো-১১', 'গাছ লম্বা আকারের ও কম ঝোপালো। প্রতি গাছে ১৮০-২২০টি ফল ধরে এবং গাছ প্রতি ফলন প্রায় ১ কেজি। ফলের আকার ছোট। ফলের ওজন ৮-১০ গ্রাম। প্রতি গোছায় ১৫-২০টি ফল আঙ্গুরের মতো থোকায় ধরে। ফল অনেক মিষ্টি স্বাদের হয়। মূলত শীতকালে আবাদ করা হয় তবে বছরের অন্য সময়েও চাষ করা যায়। সাধারণ তাপমাত্রায় দুই সপ্তাহ ফল সংরক্ষণ করা যায়। প্রতি হেক্টরে ফলন শীত মৌসুমে: ১৪০-১৬০, গ্রীষ্ম মৌসুমে: ৬০-৮০টন/হেক্টর।', '/uploads/images/1458982555_JMS_AGR081.jpg', 13, 14, '2016-03-26 02:55:55', '2016-03-26 02:55:55'),
(100, 'বারি আঁশফল-১', 'এ জাতের প্রতি গাছে বাৎসরিক ফলন ৫-৬.৫ কেজি। গাছে নিয়মিত ফল ধরে।', '/uploads/images/1458983323_JMS_AGR044.jpg', 19, 20, '2016-03-26 03:08:43', '2016-03-26 03:08:43'),
(101, 'বারি আঁশফল-২', 'ফল গোল আকারের, শাঁস সাদা, খুব রসালো ও খুব মিষ্টি। দেশের মধ্য, পূর্ব ও দক্ষিণাঞ্চলে চাষ উপযোগী জাতটি ফলের আহরণ মৌসুম দীর্ঘায়িত করার ক্ষেত্রে বিশেষ ভূমিকা রাখতে পারে। হেক্টর প্রতি গড় ফলন ৫ টন।', '/uploads/images/1458983348_JMS_AGR044.jpg', 19, 20, '2016-03-26 03:09:08', '2016-03-26 03:09:08'),
(102, 'হানিকুইন', 'হানিকুইন সবচেয়ে মিষ্টি আনারস। পাকা আনারসের শাঁস হলুদ রঙের। চোখ সুঁচালু ও উন্নত। গড় ওজন ১ কেজি।', '/uploads/images/1458983415_JMS_AGR046.jpg', 19, 21, '2016-03-26 03:10:15', '2016-03-26 03:10:15'),
(103, 'জায়েন্টকিউ', 'গাছের পাতা সবুজ প্রায় কাটা বিহীন। পাকা আনারস সবুজাভ ও শাাঁস হালকা হলুদ। গড় ওজন ২ কেজি। চোখ প্রশস্তও চেপ্টা।', '/uploads/images/1458983527_JMS_AGR046.jpg', 19, 21, '2016-03-26 03:12:07', '2016-03-26 03:12:07'),
(104, 'ঘোড়াশাল', 'পাকা আনারস লালচে এবং ঘিয়ে সাদা হয়। চোখ প্রশস্ত। গড় ওজন ১.২৫ কেজি। পাতা কাটা বিশিষ্ট, চওড়া ও ঢেউ খেলানো।', '/uploads/images/1458983552_JMS_AGR046.jpg', 19, 21, '2016-03-26 03:12:32', '2016-03-26 03:12:32'),
(105, 'জলঢুপি', 'পাকা আনারস লালচে ও ঘিয়ে সাদা রঙের হয়ে থাকে। চোখ প্রশস্ত। গড় ওজন ১-১.৫ কেজি। পাতা কাটা বিশিষ্ট, চওড়া ও ঢেউ খেলানো।', '/uploads/images/1458983575_JMS_AGR046.jpg', 19, 21, '2016-03-26 03:12:55', '2016-03-26 03:12:55'),
(106, 'বারি আম-১ ', 'প্রতি বছর নিয়মিত ফল দেয়। বাংলাদেশের সবখানেই এ জাতটির চাষ করা যায়। পাকা ফলের রং আকর্ষণীয় হলদে। ফলের ওজন গড়ে প্রায় ২০০ গ্রাম।', '/uploads/images/1458983758_JMS_AGR050.jpg', 19, 22, '2016-03-26 03:15:58', '2016-03-26 03:15:58'),
(107, 'বারি আম-২', 'প্রতি বছর ফল ধারণ ক্ষমতা সম্পন্ন জাত। ফলের ওজন গড়ে ২৫০ গ্রাম। ফলের খোসা মধ্যম পুরু ও মসৃন। বাংলাদেশের সবখানেই এ জাতটির চাষ করা যায়।', '/uploads/images/1458983781_JMS_AGR050.jpg', 19, 22, '2016-03-26 03:16:21', '2016-03-26 03:16:21'),
(108, 'বারি আম-৩ (আম্রপালি)', 'প্রতি বছর নিয়মিত ফল দেয়। ফলের শাঁস গাঢ় কমলা রঙের। আঁশহীন, মধ্যম রসালো, শাঁস ফলের শতকরা ৭০ ভাগ। গাছের আকৃতি মাঝারি। প্রতি গাছে ফলের সংখ্যা ১৫৫-১৭০ টি।', '/uploads/images/1458983804_JMS_AGR050.jpg', 19, 22, '2016-03-26 03:16:44', '2016-03-26 03:16:44'),
(109, 'বারি আম-৪ (হাইব্রিড আম)', 'এটি একটি উচ্চ ফলনশীল, মিষ্টি স্বাদের নাবী জাত। ফজলী আম শেষ হওয়ার পর এবং আশ্বিনা আমের সাথে এ জাতের আম পাকে। এ জাতের আম কাঁচা অবস্থাতেও খেতে মিষ্টি।', '/uploads/images/1458983829_JMS_AGR050.jpg', 19, 22, '2016-03-26 03:17:09', '2016-03-26 03:17:09'),
(110, 'বারি আম-৫ ', 'আমটি লম্বা ও ছোট আকারের, প্রতিটি আমের গড় ওজন ১৯০ গ্রাম, ১০ বছরের একটি গাছে ১৪০-১৬০ কেজি আম উৎপাদিত হয়, জুন মাসের প্রথম সপ্তাহে আমটি সংগ্রহ করা হয়, পাকা অবস্থায় দেখতে হালকা হলুদ রঙের ও শাঁসের রং কমলা বর্ণের ও রসালো এবং মোট খাদ্যাংশ ৭০ ভাগ। আমের মিষ্টিমান (টি এস এস) ১৯-২০ % এবং সংগ্রহকাল ৫-৮ দিন। জাতটি রপ্তানীযোগ্য। হেক্টর প্রতি ফলন ১৫-২০টন।', '/uploads/images/1458983853_JMS_AGR050.jpg', 19, 22, '2016-03-26 03:17:33', '2016-03-26 03:17:33'),
(111, 'বারি আম-৬', 'আমটি লম্বা আকারের, প্রতিটি আমের গড় ওজন ২৮০ গ্রাম, ১২ বছরের একটি গাছে ১৭০ কেজি আম উৎপাদিত হয়, জুন মাসের শেস সপ্তাহ হতে জুলাই মাসের প্রথম সপ্তাহে আমটি সংগ্রহ করা হয়, পাকা অবস্থায় দেখতে হালকা হলুদ রঙের ্র ও শাঁসের রং হলুদ এবং মোট খাদ্যাংশ ৭২ ভাগ। আমের মিষ্টিমান (টি এস এস) ২১ % এবং সংগ্রহকাল ৫-৯ দিন। এটি সংরক্ষণ গুণ ভালো। হেক্টর প্রতি গড় ফলন ১৬ টন।', '/uploads/images/1458983878_JMS_AGR050.jpg', 19, 22, '2016-03-26 03:17:58', '2016-03-26 03:17:58'),
(112, 'বারি আম-৭', 'আমটি দেখতে গোলাকার, প্রতিটি আমের গড় ওজন ২৯০ গ্রাম, ৮ বছরের একটি গাছে ১৬০ কেজি আম উৎপাদিত হয়, জুলাই মাসের দ্বিতীয় সপ্তাহে আমটি সংগ্রহ করা হয়, পাকা অবস্থায় দেখতে সিঁদুর লাল হতে হালকা হলুদ রঙের ্র ও শাঁসের রং হলুদ রঙের এবং মোট খাদ্যাংশ ৭৭ ভাগ। আমের মিষ্টিমান (টি এস এস) ১৯ % এবং সংগ্রহকাল ৯-১৩ দিন। বিদেশে রপ্তানীর জন্য যে বৈশিষ্ট্য থাকা দরকার তার সবগুলোই এই আমে বিদ্যমান।', '/uploads/images/1458983900_JMS_AGR050.jpg', 19, 22, '2016-03-26 03:18:20', '2016-03-26 03:18:20'),
(113, 'বারি বাঁধাকপি -১', 'গাছের উচ্চতা ৪০-৪২ ইঞ্চি। প্রতিটি গাছে ২৫-৩০টি করে ফল ধরে। গাছ প্রতি ফলন ২.৫-৩.০ কেজি। ফল কিছুটা লম্বাটে আকারের। প্রতিটি ফলের ওজন ৮৫-৯৫ গ্রাম। বাংলাদেশের সব এলাকাতেই এটি চাষ করা যায়। গাছ থেকে এক মাসের বেশি সময় ধরে ফল সংগ্রহ করা যায়। প্রতি হেক্টরে ফলন ৩৪৫-৩৬০ টন/হেক্টর।', '/uploads/images/1458984144_JMS_AGR083.jpg', 13, 15, '2016-03-26 03:22:24', '2016-03-26 03:22:24'),
(114, 'বারি বাঁধাকপি -২ ', 'গাছের উচ্চতা ২৮-৩০ ইঞ্চি। প্রতিটি গাছে ৩০-৩৫টি করে ফল ধরে। গাছ প্রতি ফলন ২.০-২.৫ কেজি। ফল মোটামুটি গোল আকারের হয়। প্রতিটি ফলের ওজন ৮৫-৯০ গ্রাম। ফলটি অনেকদিন সংরক্ষণ করা যায়। বাংলাদেশের সব এলাকাতেই এটি চাষ করা যায়। গাছ থেকে এক মাসের বেশি সময় ধরে ৪-৫ বার ফল সংগ্রহ করা যায়। প্রতি হেক্টরে ফলন ৩২৫-৩৪৫ টন/হেক্টর।', '/uploads/images/1458984231_JMS_AGR083.jpg', 13, 15, '2016-03-26 03:23:51', '2016-03-26 03:23:51'),
(115, 'বারি বাঁধাকপি -৩ ', 'গাছের উচ্চতা ৪০-৪২ ইঞ্চি। প্রতিটি গাছে ৩০-৩২টি করে ফল ধরে। গাছ প্রতি ফলন ২.০-৩.০ কেজি। ফলের রঙ গাঢ় লাল। ফল কিছুটা চ্যাপ্টা ও মাংসল ধরণের। প্রতিটি ফলের গড় ওজন ৮৫-৯০ গ্রাম। বাংলাদেশের সব এলাকাতেই এটি চাষ করা যায়। প্রতিটি গাছ থেকে ৭-৮ বার ফল সংগ্রহ করা যায়। প্রতি হেক্টরে ফলন ৩৪৫-৩৬০ টন/হেক্টর।', '/uploads/images/1458984264_JMS_AGR083 (1).jpg', 13, 15, '2016-03-26 03:24:24', '2016-03-26 03:24:24'),
(116, 'বারি বাঁধাকপি - ৪ ', 'প্রতিটি গাছে ২০-২৫টি ফল ধরে। গাছ প্রতি ফলন প্রায় ১ কেজি। ফলের রঙ লাল এবং গোল আকারের। প্রতিটি ফলের গড় ওজন ৪০ গ্রাম। এই জাতটি উচ্চ তাপ সহনশীল বলে সারাবছরই চাষ করা যায়। এ জাত চাষ করে বর্ষা মৌসুমে আর্থিকভাবে বেশি লাভবান হওয়া যায়। তবে গ্রীষ্ম এবং বর্ষা মৌসুমে পলিথিন ছাউনিতে চাষ করতে হয় এবং টমেটোটোন (প্রতি লিটার পানিতে ২০ মিলিলিটার হারে) নামক হরমোন প্রয়োগে ফলন বেশি হয়। প্রতি হেক্টরে ফলন ৮০-৯০ টন/হেক্টর।', '/uploads/images/1458984569_JMS_AGR083 (1).jpg', 13, 15, '2016-03-26 03:29:29', '2016-03-26 03:29:29'),
(117, 'বারি বাঁধাকপি -৫ ', 'প্রতিটি গাছে ২০-২২টি ফল ধরে। গাছ প্রতি ফলন প্রায় ৮০০ গ্রাম থেকে ১ কেজি। ফলের আকার হৃদপিন্ডের মতো। প্রতিটি ফলের ওজন প্রায় ৪৫ গ্রাম। শীত মৌসুমে আগাম চাষ করা যায়। তবে গ্রীষ্ম এবং বর্ষা মৌসুমে পলিথিন ছাউনিতে চাষ করতে হয় এবং টমেটোটোন (প্রতি লিটার পানিতে ২০ মিলিলিটার হারে) নামক হরমোন প্রয়োগে ফলন বেশি হয়। প্রতি হেক্টরে ফলন ৮০-৯০ টন/হেক্টর।', '/uploads/images/1458984604_JMS_AGR083 (1).jpg', 13, 15, '2016-03-26 03:30:04', '2016-03-26 03:30:04'),
(118, 'বারি বাঁধাকপি -৬ ', 'গাছের উচ্চতা ৪৮-৫৪ ইঞ্চি। ফুল ও ফল হওয়ার সময়ও গাছের বৃদ্ধি হতে থাকে। প্রতি গাছে ৩০-৪০টি ফল ধরে। ফল গোল আকারের। রঙ হালকা লাল। ফলের চামড়ার উপরে শিরা দেখা যায়। প্রতিটি ফলের ওজন ৮০-৯০ গ্রাম। গাছ থেকে এক মাসের বেশি সময় ধরে ফল সংগ্রহ করা যায়। শীত মৌসুমে আগাম চাষ করা যায়। তবে গ্রীষ্ম এবং বর্ষা মৌসুমে পলিথিন ছাউনিতে চাষ করতে হয় এবং টমেটোটোন নামক হরমোন (প্রতি লিটার পানিতে ২০ মিলিলিটার হারে) প্রয়োগে ফলন বেশি হয়।  প্রতি হেক্টরে ফলন শীত মৌসুমে: ৩২০-৩৬০ গ্রীষ্ম মৌসুমে: ১৮০-২০০ টন/হেক্টর।', '/uploads/images/1458984638_JMS_AGR083 (1).jpg', 13, 15, '2016-03-26 03:30:38', '2016-03-26 03:30:38'),
(119, 'বারি বাঁধাকপি -৭ ', ' প্রতিটি গাছে ৩০-৩২টি ফল ধরে। প্রতি গাছের ফলন হয় ৩.০-৩.৫ কেজি।  ফলের উপরে বোঁটার গোড়ায় তারার মতো চিহ্ন থাকে। ফল সামান্য চেপ্টা ধরণের। ফলের রঙ গাঢ় হলদে থেকে কমলা। প্রতিটি ফলের গড়ওজন ১৫০ গ্রাম। এই জাতের টমেটোতে বিটা ক্যারোটিন থাকে, যা রাতকানা রোগ থেকে রক্ষা করে। এক মৌসুমে ৬-৭ বার ফল সংগ্রহ করা যায়। সারাদেশেই শীতকালে চাষ করা যায়। পারিবারিক বাগানে চাষের জন্য এজাতটি বিশেষভাবে উপযোগী। প্রতি হেক্টরে ফলন ৪০০-৪২৫ টন/হেক্টর।', '/uploads/images/1458984662_JMS_AGR083.jpg', 13, 15, '2016-03-26 03:31:02', '2016-03-26 03:31:02'),
(120, 'বারি বাঁধাকপি -৮ ', 'গাছ খাটো আকারের। প্রতিটি গাছে ২৫-৩০টি ফল ধরে। প্রতি গাছে ফলন হয় ২.৫-৩.০ কেজি। ফল বর্গাকৃতি থেকে গোল আকারের হয়ে থাকে। ফলের রঙ হালকা লাল। ফল মাংসল এবং ফলের চামড়া (ত্বক) খুব পুরু ও শক্ত। প্রতিটি ফলের গড় ওজন ১০০-১১৫ গ্রাম। এক মৌসুমে ৪-৫ বার ফল সংগ্রহ করা যায়। জমি থেকে ফল তুলে ঘরে সাধারণ তাপমাত্রায় ১৫-২০ দিন সংরক্ষণ করা যায়। প্রতি হেক্টরে ফলন ৩৬৫-৩৮৫ টন/হেক্টর।', '/uploads/images/1458984689_JMS_AGR083 (1).jpg', 13, 15, '2016-03-26 03:31:29', '2016-03-26 03:31:29'),
(121, 'বারি বাঁধাকপি -৯ ', 'গাছ খাটো আকারের। প্রতিটি গাছে ৩২-৩৫টি ফল ধরে। প্রতি গাছে ফলন হয় ২.০-৩.০ কেজি। ফল ডিমের আকৃতির। ফলের নিচের দিক সামান্য চোখা। ফলের গড় ওজন ৭৫ গ্রাম। এক মৌসুমে ৩-৪ বার ফল সংগ্রহ করা যায়। সংগ্রহ করা ফল ঘরে সাধারণ তাপমাত্রায় ৩ সপ্তাহের বেশি সময় সংরক্ষণ করা যায়। ফল শক্ত তাই দূর দূরান্তে পরিবহন করা যায়। প্রতি হেক্টরে ফলন ৩২০-৩৬০ টন/হেক্টর।', '/uploads/images/1458984723_JMS_AGR083.jpg', 13, 15, '2016-03-26 03:32:03', '2016-03-26 03:32:03');

-- --------------------------------------------------------

--
-- Table structure for table `post_maps`
--

CREATE TABLE `post_maps` (
  `id` int(10) UNSIGNED NOT NULL,
  `post_id` int(10) UNSIGNED NOT NULL,
  `category_id` int(10) UNSIGNED NOT NULL,
  `created_at` timestamp NOT NULL DEFAULT '0000-00-00 00:00:00',
  `updated_at` timestamp NOT NULL DEFAULT '0000-00-00 00:00:00'
) ENGINE=InnoDB DEFAULT CHARSET=utf8 COLLATE=utf8_unicode_ci;

-- --------------------------------------------------------

--
-- Table structure for table `roles`
--

CREATE TABLE `roles` (
  `id` int(10) UNSIGNED NOT NULL,
  `name` varchar(255) COLLATE utf8_unicode_ci NOT NULL,
  `created_at` timestamp NOT NULL DEFAULT '0000-00-00 00:00:00',
  `updated_at` timestamp NOT NULL DEFAULT '0000-00-00 00:00:00'
) ENGINE=InnoDB DEFAULT CHARSET=utf8 COLLATE=utf8_unicode_ci;

--
-- Dumping data for table `roles`
--

INSERT INTO `roles` (`id`, `name`, `created_at`, `updated_at`) VALUES
(1, 'admin', '2016-03-14 03:21:26', '2016-03-14 03:21:26');

-- --------------------------------------------------------

--
-- Table structure for table `users`
--

CREATE TABLE `users` (
  `id` int(10) UNSIGNED NOT NULL,
  `email` varchar(255) COLLATE utf8_unicode_ci NOT NULL,
  `password` varchar(255) COLLATE utf8_unicode_ci NOT NULL,
  `remember_token` varchar(255) COLLATE utf8_unicode_ci DEFAULT NULL,
  `created_at` timestamp NOT NULL DEFAULT '0000-00-00 00:00:00',
  `updated_at` timestamp NOT NULL DEFAULT '0000-00-00 00:00:00'
) ENGINE=InnoDB DEFAULT CHARSET=utf8 COLLATE=utf8_unicode_ci;

--
-- Dumping data for table `users`
--

INSERT INTO `users` (`id`, `email`, `password`, `remember_token`, `created_at`, `updated_at`) VALUES
(1, 'joy', '$2y$10$QkzU21GyQyNBa7a3nhwwq.5jMQXyAyYLGdYT8UK8eDrokn8lJIsX.', 'gmqKAxJ8NLQNppm6dr5rMyXnlbxeRYQBGo4KKM0ERn6ahYK8ncqjrU0g6Z3Z', '2016-03-14 03:21:26', '2016-03-26 12:30:49');

--
-- Indexes for dumped tables
--

--
-- Indexes for table `assigned_roles`
--
ALTER TABLE `assigned_roles`
  ADD PRIMARY KEY (`id`),
  ADD KEY `assigned_roles_user_id_foreign` (`user_id`),
  ADD KEY `assigned_roles_role_id_foreign` (`role_id`);

--
-- Indexes for table `categories`
--
ALTER TABLE `categories`
  ADD PRIMARY KEY (`id`);

--
-- Indexes for table `category_maps`
--
ALTER TABLE `category_maps`
  ADD PRIMARY KEY (`id`),
  ADD KEY `category_maps_category_id_foreign` (`category_id`),
  ADD KEY `category_maps_sub_category_id_foreign` (`sub_category_id`);

--
-- Indexes for table `password_reminders`
--
ALTER TABLE `password_reminders`
  ADD KEY `password_reminders_email_index` (`email`),
  ADD KEY `password_reminders_token_index` (`token`);

--
-- Indexes for table `permissions`
--
ALTER TABLE `permissions`
  ADD PRIMARY KEY (`id`),
  ADD UNIQUE KEY `permissions_name_unique` (`name`);

--
-- Indexes for table `permission_role`
--
ALTER TABLE `permission_role`
  ADD PRIMARY KEY (`id`),
  ADD KEY `permission_role_permission_id_foreign` (`permission_id`),
  ADD KEY `permission_role_role_id_foreign` (`role_id`);

--
-- Indexes for table `posts`
--
ALTER TABLE `posts`
  ADD PRIMARY KEY (`id`),
  ADD KEY `posts_category_id_foreign` (`category_id`),
  ADD KEY `posts_sub_category_id_foreign` (`sub_category_id`);

--
-- Indexes for table `post_maps`
--
ALTER TABLE `post_maps`
  ADD PRIMARY KEY (`id`),
  ADD KEY `post_maps_post_id_foreign` (`post_id`),
  ADD KEY `post_maps_category_id_foreign` (`category_id`);

--
-- Indexes for table `roles`
--
ALTER TABLE `roles`
  ADD PRIMARY KEY (`id`),
  ADD UNIQUE KEY `roles_name_unique` (`name`);

--
-- Indexes for table `users`
--
ALTER TABLE `users`
  ADD PRIMARY KEY (`id`),
  ADD UNIQUE KEY `users_email_unique` (`email`);

--
-- AUTO_INCREMENT for dumped tables
--

--
-- AUTO_INCREMENT for table `assigned_roles`
--
ALTER TABLE `assigned_roles`
  MODIFY `id` int(10) UNSIGNED NOT NULL AUTO_INCREMENT, AUTO_INCREMENT=2;
--
-- AUTO_INCREMENT for table `categories`
--
ALTER TABLE `categories`
  MODIFY `id` int(10) UNSIGNED NOT NULL AUTO_INCREMENT, AUTO_INCREMENT=23;
--
-- AUTO_INCREMENT for table `category_maps`
--
ALTER TABLE `category_maps`
  MODIFY `id` int(10) UNSIGNED NOT NULL AUTO_INCREMENT, AUTO_INCREMENT=18;
--
-- AUTO_INCREMENT for table `permissions`
--
ALTER TABLE `permissions`
  MODIFY `id` int(10) UNSIGNED NOT NULL AUTO_INCREMENT, AUTO_INCREMENT=2;
--
-- AUTO_INCREMENT for table `permission_role`
--
ALTER TABLE `permission_role`
  MODIFY `id` int(10) UNSIGNED NOT NULL AUTO_INCREMENT, AUTO_INCREMENT=2;
--
-- AUTO_INCREMENT for table `posts`
--
ALTER TABLE `posts`
  MODIFY `id` int(10) UNSIGNED NOT NULL AUTO_INCREMENT, AUTO_INCREMENT=122;
--
-- AUTO_INCREMENT for table `post_maps`
--
ALTER TABLE `post_maps`
  MODIFY `id` int(10) UNSIGNED NOT NULL AUTO_INCREMENT;
--
-- AUTO_INCREMENT for table `roles`
--
ALTER TABLE `roles`
  MODIFY `id` int(10) UNSIGNED NOT NULL AUTO_INCREMENT, AUTO_INCREMENT=2;
--
-- AUTO_INCREMENT for table `users`
--
ALTER TABLE `users`
  MODIFY `id` int(10) UNSIGNED NOT NULL AUTO_INCREMENT, AUTO_INCREMENT=2;
--
-- Constraints for dumped tables
--

--
-- Constraints for table `assigned_roles`
--
ALTER TABLE `assigned_roles`
  ADD CONSTRAINT `assigned_roles_role_id_foreign` FOREIGN KEY (`role_id`) REFERENCES `roles` (`id`),
  ADD CONSTRAINT `assigned_roles_user_id_foreign` FOREIGN KEY (`user_id`) REFERENCES `users` (`id`) ON DELETE CASCADE ON UPDATE CASCADE;

--
-- Constraints for table `category_maps`
--
ALTER TABLE `category_maps`
  ADD CONSTRAINT `category_maps_category_id_foreign` FOREIGN KEY (`category_id`) REFERENCES `categories` (`id`) ON DELETE CASCADE ON UPDATE CASCADE,
  ADD CONSTRAINT `category_maps_sub_category_id_foreign` FOREIGN KEY (`sub_category_id`) REFERENCES `categories` (`id`) ON DELETE CASCADE ON UPDATE CASCADE;

--
-- Constraints for table `permission_role`
--
ALTER TABLE `permission_role`
  ADD CONSTRAINT `permission_role_permission_id_foreign` FOREIGN KEY (`permission_id`) REFERENCES `permissions` (`id`),
  ADD CONSTRAINT `permission_role_role_id_foreign` FOREIGN KEY (`role_id`) REFERENCES `roles` (`id`);

--
-- Constraints for table `posts`
--
ALTER TABLE `posts`
  ADD CONSTRAINT `posts_category_id_foreign` FOREIGN KEY (`category_id`) REFERENCES `categories` (`id`) ON DELETE CASCADE ON UPDATE CASCADE,
  ADD CONSTRAINT `posts_sub_category_id_foreign` FOREIGN KEY (`sub_category_id`) REFERENCES `categories` (`id`) ON DELETE CASCADE ON UPDATE CASCADE;

--
-- Constraints for table `post_maps`
--
ALTER TABLE `post_maps`
  ADD CONSTRAINT `post_maps_category_id_foreign` FOREIGN KEY (`category_id`) REFERENCES `categories` (`id`) ON DELETE CASCADE ON UPDATE CASCADE,
  ADD CONSTRAINT `post_maps_post_id_foreign` FOREIGN KEY (`post_id`) REFERENCES `posts` (`id`) ON DELETE CASCADE ON UPDATE CASCADE;

/*!40101 SET CHARACTER_SET_CLIENT=@OLD_CHARACTER_SET_CLIENT */;
/*!40101 SET CHARACTER_SET_RESULTS=@OLD_CHARACTER_SET_RESULTS */;
/*!40101 SET COLLATION_CONNECTION=@OLD_COLLATION_CONNECTION */;
